{
  "$schema": "https://ui.shadcn.com/schema.json",
  "style": "default",
  "rsc": true,
  "tsx": true,
  "tailwind": {
    "config": "tailwind.config.ts",
    "css": "src/app/globals.css",
    "baseColor": "neutral",
    "cssVariables": true,
    "prefix": ""
  },
  "aliases": {
    "components": "@/components",
    "utils": "@/lib/utils",
    "lib": "@/lib",
    "hooks": "@/hooks",
    "providers": "@/providers",
    "services": "@/services",
    "styles": "@/styles",
    "types": "@/types"
  },
  "iconLibrary": "lucide"
}